State,County,Address,Store Phone
Pennsylvania,Aldan,"539 North Oak Ave
Aldan, PA 19018",(610) 623-5313
Pennsylvania,Allentown,"3015 West Emmaus Ave
Allentown, PA 18103",610) 791-9644
Pennsylvania,Allentown,"3070 Tilghman St
Allentown, PA 18104",(610) 776-1531
Pennsylvania,Aston,"3400 Concord Rd
Aston, PA 19014",(610) 497-5375
Pennsylvania,Audubon,"10000 Shannondell Drive
Audubon, PA 19403",(610) 728-5600
Pennsylvania,Bartonsville,"65 Route 611
Bartonsville, PA 18321",(570) 421-1797
Pennsylvania,Bensalem,"2721 Street Rd
Bensalem, PA 19020",(215) 604-9924
Pennsylvania,Berwick,"50 Briar Creek Plz
Berwick, PA 18603",(570) 802-0595
Pennsylvania,Bethlehem,"2174 West Union Blvd
Bethlehem, PA 18018",(610) 691-4304
Pennsylvania,Bethlehem,"2918 Easton Ave
Bethlehem, PA 18017",(610) 866-3355
Pennsylvania,Bethlehem,"3926 Linden St
Bethlehem, PA 18020",(610) 882-0585
Pennsylvania,Bloomsburg,"1000 Scott Town Plaza
Bloomsburg, PA 17815",(570) 389-9004
Pennsylvania,Blue Bell,"1760 Dekalb Pike
Blue Bell, PA 19422",(610) 239-7804
Pennsylvania,Brookhaven,"4930 Edgmont Ave
Brookhaven, PA 19015",(610) 876-6445
Pennsylvania,Broomall,"2180 West Chester Pike
Broomall, PA 19008",(610) 355-7717
Pennsylvania,Burnham,"325 West Freedom Ave
Burnham, PA 17009",(717) 248-3963
Pennsylvania,Camp Hill,"3301 Trindle Rd
Camp Hill, PA 17011",(717) 724-1166
Pennsylvania,Carlisle,"950 Walnut Bottom Road
Carlisle, PA 17015",(717) 601-3676
Pennsylvania,Carlisle,"255S Spring Garden St
Carlisle, PA 17013",(717) 249-2323
Pennsylvania,Chalfont,"4275 County Line Rd
Chalfont, PA 18914",(215) 997-2883
Pennsylvania,Chambersburg,"925 Norland Ave
Chambersburg, PA 17201",(717) 267-0440
Pennsylvania,Chambersburg,"993 Wayne Ave
Chambersburg, PA 17201",(717) 263-4000
Pennsylvania,Cleona,"481 West Penn Ave
Cleona, PA 17042",(717) 274-5629
Pennsylvania,Columbia,"3985 Columbia Avenue
Columbia, PA 17512",(717) 285-4380
Pennsylvania,Conshohocken,"10 East Ridge Pike
Conshohocken, PA 19428",(610) 940-2231
Pennsylvania,Coopersburg,"216 E Fairmont St
Coopersburg, PA 18036",(610) 282-4200
Pennsylvania,Coplay,"202 Chestnut St
Coplay, PA 18037",(610) 262-7581
Pennsylvania,Danville,"502 Church St
Danville, PA 17821",(570) 271-0470
Pennsylvania,Dickson Cty,"1550 Main St
Dickson Cty, PA 18447",(570) 307-1320
Pennsylvania,Dillsburg,"830 N US Route 15
Dillsburg, PA 17019",(717) 638-1230
Pennsylvania,Dover,"2130 Palomino Rd
Dover, PA 17315",(717) 292-3702
Pennsylvania,Doylestown,"4357 West Swamp Rd
Doylestown, PA 18901",(267) 885-0920
Pennsylvania,East Stroudsburg,"300 Lincoln Avenue
East Stroudsburg, PA 18301",(570) 476-2908
Pennsylvania,Easton,"301 Town Center Blvd
Easton, PA 18040",(610) 559-8770
Pennsylvania,Easton,"801 S 25th St
Easton, PA 18045",(484) 546-0084
Pennsylvania,Elizabethtown,"1278 S Market St
Elizabethtown, PA 17022",(717) 367-1943
Pennsylvania,Enola,"4510 Marketplace Way
Enola, PA 17025",(717) 909-7012
Pennsylvania,Ephrata,"850 East Main St
Ephrata, PA 17522",(717) 733-6334
Pennsylvania,Exton,"141 E Swedesford Rd
Exton, PA 19341",(610) 594-0847
Pennsylvania,Exton,"168 Eagleview Blvd
Exton, PA 19341",(610) 363-0799
Pennsylvania,Fairless Hills,"471 Oxford Valley Rd
Fairless Hills, PA 19030",(215) 949-8941
Pennsylvania,Feasterville,"176 W. Street Road
Feasterville
Feasterville, PA 19053",(215) 396-3393
Pennsylvania,Flourtown,"1874 Bethlehem Pike
Flourtown, PA 19031",(215) 836-4300
Pennsylvania,Gettysburg,"44 Natural Springs Rd
Gettysburg, PA 17325",(717) 337-0017
Pennsylvania,Gilbertsville,"173 Holly Rd
Gilbertsville, PA 19525",(610) 473-3200
Pennsylvania,Halifax,"3777 Peters Mtn
Halifax, PA 17032",(717) 896-8703
Pennsylvania,Hanover,"801 Baltimore St
Hanover, PA 17331",(717) 632-6673
Pennsylvania,Hanover,"455 Eisenhower Dr
Hanover, PA 17331",(717) 632-2882
Pennsylvania,Harleysville,"611 Main St
Harleysville, PA 19438",(215) 513-0400
Pennsylvania,Harrisburg,"136 Kline Vlg
Harrisburg, PA 17104",(717) 909-7306
Pennsylvania,Harrisburg,"2300 Linglestown Rd
Harrisburg, PA 17110",(717) 545-0489
Pennsylvania,Harrisburg,"4211 Union Deposit Rd
Harrisburg, PA 17111",(717) 920-0437
Pennsylvania,Harrisburg,"5005 Jonestown Road
Harrisburg, PA 17109",(717) 545-3752
Pennsylvania,Harrisburg,"6301 Grayson Road
Harrisburg, PA 17111",(717) 561-1285
Pennsylvania,Hatfield,"1540 Cowpath Rd
Hatfield, PA 19440",(215) 361-4190
Pennsylvania,Havertown,"116 Township Line Rd
Havertown, PA 19083",(610) 449-1161
Pennsylvania,Hazleton,"70 S Locust St
Hazleton, PA 18201",(570) 459-5613
Pennsylvania,Hellertown,"1880 Leithsville Rd
Hellertown, PA 18055",(610) 838-7700
Pennsylvania,Hershey,"1250 Cocoa Ave
Hershey, PA 17033",(717) 312-0725
Pennsylvania,Horsham,"314 Horsham Rd
Horsham, PA 19044",(215) 682-7422
Pennsylvania,Hummelstown,"277 Hershey Rd
Hummelstown, PA 17036",(717) 256-0050
Pennsylvania,Huntingdon,"7673 Lake Raystown
Huntingdon, PA 16652",(814) 643-2794
Pennsylvania,Huntingdon Valley,"737 Huntingdon Pike
Huntingdon Valley, PA 19006",(215) 379-6900
Pennsylvania,KUTZTOWN,"15100 Kutztown Road
KUTZTOWN, PA 19530",(610) 683-3689
Pennsylvania,Kennett Square,"350 Scarlet Rd
Kennett Square, PA 19348",(610) 444-8160
Pennsylvania,Kennett Square,"830 E Baltimore Pike
Kennett Square, PA 19348",(610) 444-7020
Pennsylvania,King Of Prussia,"310 S Henderson Rd
King Of Prussia, PA 19406",(610) 265-1870
Pennsylvania,Lancaster,"106 Willow Valley Square
Lancaster, PA 17602",(717) 464-2181
Pennsylvania,Lancaster,"1360 Columbia Ave
Lancaster, PA 17603",(717) 291-9678
Pennsylvania,Lancaster,"1605 Lititz Pike
Lancaster, PA 17601",(717) 299-0391
Pennsylvania,Lancaster,"235 N Reservoir St
Lancaster, PA 17602",(800) 573-2763
Pennsylvania,Lancaster,"550 Centerville Rd
Lancaster, PA 17601",(717) 898-3011
Pennsylvania,Langhorne,"168 N Flowers Mill Rd
Langhorne, PA 19047",(215) 741-3360
Pennsylvania,Langhorne,"3 Doublewoods Rd
Langhorne, PA 19047",(215) 968-0676
Pennsylvania,Lansdowne,"300 E Baltimore Ave
Lansdowne, PA 19050",(610) 623-9223
Pennsylvania,Lebanon,"1750 Quentin Road
Lebanon, PA 17042",(717) 270-9955
Pennsylvania,Lebanon,"835 Bowman Street
Lebanon, PA 17046",(717) 272-5584
Pennsylvania,Lehighton,"1241 Blakeslee Blvd
Lehighton, PA 18235",(570) 386-4146
Pennsylvania,Leola,"10 Newport Rd
Leola, PA 17540",(717) 656-9983
Pennsylvania,Levittown,"4001 New Falls Rd
Levittown, PA 19056",(215) 949-1408
Pennsylvania,Lewisburg,"224 Hardwood Drive
Lewisburg, PA 17837",(570) 524-9868
Pennsylvania,Lewistown,"200 S Dorcas St
Lewistown, PA 17044",(717) 242-2371
Pennsylvania,Lititz,"1008 Lititz Pike
Lititz, PA 17543",(717) 625-0303
Pennsylvania,Malvern,"225 Lancaster Ave
Malvern, PA 19355",(610) 296-5551
Pennsylvania,Manchester,"205 Glen Dr
Manchester, PA 17345",(717) 266-8560
Pennsylvania,Maple Glen,"1925 Norristown Rd
Maple Glen, PA 19002",(215) 643-4567
Pennsylvania,Mcconnellsburg,"360 South 2nd St
Mcconnellsburg, PA 17233",(717) 485-0430
Pennsylvania,Mechanicsburg,"255 Cumberland Pwky
Mechanicsburg, PA 17055",(717) 591-0979
Pennsylvania,Mechanicsburg,"5301 Simpson Ferry Rd
Mechanicsburg, PA 17055",(717) 766-6550
Pennsylvania,Mechanicsburg,"6560 Carlisle Pike
Mechanicsburg, PA 17055",(717) 796-6555
Pennsylvania,Middletown,"450 East Main St
Middletown, PA 17057",(717) 948-1607
Pennsylvania,Morrisville,"833 W Trenton Ave
Morrisville, PA 19067",(215) 295-8032
Pennsylvania,Mount Joy,"789 E Main St
Mount Joy, PA 17552",(717) 653-0396
Pennsylvania,Nazareth,"859 Nazareth Pike
Nazareth, PA 18064",(610) 759-7213
Pennsylvania,New Britain,"200 Town Ctr
New Britain, PA 18901",(215) 345-0334
Pennsylvania,New Cumberland,"130 Old York Rd
New Cumberland, PA 17070",(717) 774-4936
Pennsylvania,New Hope,"6542 Logan Square
New Hope, PA 18938",(215) 862-9061
Pennsylvania,Newport,"12 Newport Plaza
Newport, PA 17074",(717) 567-3950
Pennsylvania,Newtown Square,"4855 West Chester Pike
Newtown Square, PA 19073",(610) 325-2478
Pennsylvania,Norristown,"2670 Egypt Rd
Norristown, PA 19403",(610) 631-8130
Pennsylvania,North Wales,"1201 Knapp Rd
North Wales, PA 19454",(215) 661-1025
Pennsylvania,Perkasie,"1153 N 5th St
Perkasie, PA 18944",(215) 257-1131
Pennsylvania,Philadelphia,"1004 N 2nd street
Philadelphia, PA 19123",(215) 923-3919
Pennsylvania,Philadelphia,"2303 Bainbridge St
Philadelphia, PA 19146",(215) 875-8305
Pennsylvania,Philadelphia,"2550 Grant Ave
Philadelphia, PA 19114",(215) 464-8280
Pennsylvania,Philadelphia,"3401 Chestnut Street
Philadelphia, PA 19104",(445) 888-3022
Pennsylvania,Philadelphia,"60 North 23rd Street
Philadelphia, PA 19103",(215) 587-0270
Pennsylvania,Phoenixville,"700 Nutt Rd
Phoenixville, PA 19460",(610) 917-9086
Pennsylvania,Plumsteadville,"5858 Easton Rd
Plumsteadville, PA 18949",(215) 766-8665
Pennsylvania,Plymouth Meeting,"2450 Chemical Rd
Plymouth Meeting, PA 19462",(610) 941-5448
Pennsylvania,Pottstown,"86 Glocker Way
Pottstown, PA 19465",(610) 705-3352
Pennsylvania,Pottsville,"1544 Route 61 Hwy S
#6100
Pottsville, PA 17901",(570) 385-4273
Pennsylvania,Quakertown,"1465 W Broad St
Quakertown, PA 18951",(215) 538-3399
Pennsylvania,Quakertown,"901 S West End Blvd
Quakertown, PA 18951",(215) 536-5065
Pennsylvania,Quarryville,"100 Towns Edge Drive
Quarryville, PA 17566",(717) 786-7301
Pennsylvania,Quarryville,"35 Friendly Drive
Quarryville, PA 17566",(717) 284-4147
Pennsylvania,Reading,"2641 Shillington Rd
Reading, PA 19609",(610) 678-3286
Pennsylvania,Reading,"4655 Perkiomen Ave
Reading, PA 19606",(610) 406-9640
Pennsylvania,Reading,"600 E Lancaster Ave
Reading, PA 19607",(610) 775-5015
Pennsylvania,Red Lion,"3175 Cape Horn Rd
Red Lion, PA 17356",(717) 246-7137
Pennsylvania,Roslyn,"2350 Susquehanna Rd
Roslyn, PA 19001",(215) 881-2100
Pennsylvania,Royersford,"1824 Ridge Pike
Royersford, PA 19468",(610) 831-5450
Pennsylvania,Royersford,"967 S Township Line Rd
Royersford, PA 19468",(610) 792-9950
Pennsylvania,Saint Davids,"550 E Lancaster Ave
Saint Davids, PA 19087",(610) 989-0781
Pennsylvania,Scranton,"1600 Nay Aug Ave
Scranton, PA 18509",(570) 343-5997
Pennsylvania,Selinsgrove,"330 Marketplace Blvd
Selinsgrove, PA 17870",(570) 743-0106
Pennsylvania,Shippensburg,"397 Baltimore Rd
Shippensburg, PA 17257",(717) 532-7515
Pennsylvania,Shrewsbury,"14635 Mt Airy Rd
Shrewsbury, PA 17361",(717) 227-9420
Pennsylvania,Souderton,"760 Pennsylvania 113
Souderton, PA 18964",(215) 703-0580
Pennsylvania,Southampton,"466 Second Street Pike
Southampton, PA 18966",(215) 357-5324
Pennsylvania,Spring House,"1121 Bethlehem Pike
Spring House, PA 19477",(215) 283-4585
Pennsylvania,Springfield,"721 W Sproul Rd
Springfield, PA 19064",(610) 328-0029
Pennsylvania,Springfield,"950 Baltimore Pike
Springfield, PA 19064",(610) 604-1570
Pennsylvania,State College,"2121 South Atherton
State College, PA 16801",(814) 861-2578
Pennsylvania,State College,"255 Northland Ctr
State College, PA 16803",(814) 237-1828
Pennsylvania,Stowe,"180 Upland Square Dr
Stowe, PA 19464",(610) 705-0000
Pennsylvania,Temple,"4320 5th Street Hwy
Temple, PA 19560",(610) 939-2640
Pennsylvania,Thorndale,"3477 Lincoln Hwy
Thorndale, PA 19372",(610) 383-5460
Pennsylvania,Trexlertown,"7150 Hamilton Blvd
Trexlertown, PA 18087",(610) 391-0152
Pennsylvania,Walnutport,"300 S Best Ave
Walnutport, PA 18088",(610) 760-6184
Pennsylvania,Warminster,"720 West Street Rd
Warminster, PA 18974",(215) 674-4607
Pennsylvania,Warrington,"1661 South Easton Road
Warrington, PA 18976",(215) 918-1220
Pennsylvania,West Chester,"1375 Boot Rd
West Chester, PA 19380",(610) 344-3050
Pennsylvania,West Chester,"1393 Dilworthtown Xing
West Chester, PA 19382",(610) 431-2351
Pennsylvania,West Chester,"698 Downingtown Pike
West Chester, PA 19380",(610) 430-7150
Pennsylvania,West Grove,"849 West Baltimore Pike
West Grove, PA 19390",(610) 345-0183
Pennsylvania,West Lawn,"2104 Van Reed Rd
West Lawn, PA 19609",(610) 670-4713
Pennsylvania,Whitehall,"2651 MacArthur Commons
Whitehall, PA 18052",(484) 245-0080
Pennsylvania,Williamsport,"1969 East 3rd St
Williamsport, PA 17701",(570) 329-2002
Pennsylvania,Willow Grove,"315 York Rd
Willow Grove, PA 19090",(215) 784-1960
Pennsylvania,Wind Gap,"837 Male Rd
Wind Gap, PA 18091",(610) 863-8635
Pennsylvania,Wynnewood,"50 E Wynnewood Rd
Wynnewood, PA 19096",(610) 642-5206
Pennsylvania,Yardley,"700 Stony Hill Rd
Yardley, PA 19067",(215) 493-3540
Pennsylvania,York,"1255 Carlisle Rd
York, PA 17404",(717) 718-1884
Pennsylvania,York,"2415 East Market St
York, PA 17402",(717) 755-0991
Pennsylvania,York,"275 Pauline Dr
York, PA 17402",(717) 741-5332