State,Town,Address,Store Phone
Massachusetts,Burlington,"53 Third Avenue
Burlington, Ma 01803",781-418-0700
Massachusetts,Chestnut Hill,"200 Boylston St
Chestnut Hill, Ma 02467",617-762-2000
Massachusetts,Medford,"3850 Mystic Valley Pkwy
Medford, Ma 02155",339-221-5700
Massachusetts,Natick,"1245 Worcester Street
Natick, Ma 01760",508-960-0100
Massachusetts,Northborough,"9102 Shops Way
Northborough, Ma 01532",508-936-1900
Massachusetts,Westwood,"169 University Avenue
Westwood, Ma 02090",781-234-0300
Maryland,Bel Air,"21 Wegman's Boulevard
Abingdon, Md 21009",443-372-2900
Maryland,Columbia,"8855 Mcgaw Rd
Columbia, Md 21045",443-537-2900
Maryland,Crofton,"1413 S Main Chapel Way
Gambrills, Md 21054",443-332-6200
Maryland,Frederick,"7830 Wormans Mill Road
Frederick, Md 21701",240-575-7300
Maryland,Germantown,"20600 Seneca Meadows Parkway
Germantown, Md 20876",240-499-0700
Maryland,Hunt Valley,"122 Shawan Road
Hunt Valley, Md 21030",410-773-3900
Maryland,Owings Mills,"10100 Reisterstown Road
Owings Mills, Md 21117",443-471-2300
Maryland,Woodmore,"9001 Mchugh Drive
Lanham, Md 20706",240-487-5400
North Carolina,Chapel Hill,"1810 Fordham Blvd
Chapel Hill, Nc 27514",919-864-7400
North Carolina,Raleigh,"1200 Wake Towne Dr
Raleigh, Nc 27609",984-960-5600
North Carolina,West Cary,"3710 Davis Drive
Morrisville, Nc 27560",919-415-0210
North Carolina,Wake Forest,"11051 Ligon Mill Rd
Wake Forest, Nc 27587",919-575-3800
New Jersey,Bridgewater,"724 Route 202
Bridgewater, Nj 08807",908-243-9600
New Jersey,Cherry Hill,"2100 Route 70 West
Cherry Hill, Nj 08002",856-488-2700
New Jersey,Hanover,"34 Sylvan Way
Parsippany-Troy Hills, Nj 07054",973-434-1500
New Jersey,Manalapan,"55 U.s. 9
Manalapan Township, Nj 07726",732-625-4100
New Jersey,Montvale,"100 Farm View
Montvale, Nj 07645",551-249-2200
New Jersey,Mt. Laurel,"2 Centerton Road
Mount Laurel, Nj 08054",856-439-7300
New Jersey,Ocean,"1104 Route 35
Ocean Township, Nj 07712",732-695-7000
New Jersey,Princeton,"240 Nassau Park Boulevard
Princeton, Nj 08540",609-919-9300
New Jersey,Woodbridge,"15 Woodbridge Center Drive
Woodbridge Township, Nj 07095",732-596-3200
New York - Rochester,Brockport,"6660 4th Section Road
Brockport, Ny 14420",585-637-3111
New York - Rochester,Calkins Road,"745 Calkins Road
Rochester, Ny 14623",585-334-4010
New York - Rochester,Chili-Paul,"3175 Chili Avenue
Rochester, Ny 14624",585-426-5010
New York - Rochester,East Avenue,"1750 East Avenue
Rochester, Ny 14610",585-244-7950
New York - Rochester,Eastway,"1955 Empire Boulevard
Webster, Ny 14580",585-671-8290
New York - Rochester,Fairport,"851 Fairport Road
East Rochester, Ny 14445",585-586-8340
New York - Rochester,Holt Road,"900 Holt Road
Webster, Ny 14580",585-872-0780
New York - Rochester,Irondequoit,"525 Titus Avenue
Rochester, Ny 14617",585-266-4090
New York - Rochester,Latta Road,"3177 Latta Road
Rochester, Ny 14612",585-723-8260
New York - Rochester,Lyell Avenue,"2301 Lyell Avenue
Rochester, Ny 14606",585-429-4400
New York - Rochester,Marketplace,"650 Hylan Drive
Rochester, Ny 14623",585-424-7255
New York - Rochester,Mt. Read,"3701 Mount Read Boulevard
Rochester, Ny 14616",585-663-4120
New York - Rochester,Penfield,"2157 Penfield Road
Penfield, Ny 14526",585-248-3200
New York - Rochester,Perinton,"6600 Pittsford Palmyra Road
Fairport, Ny 14450",585-223-4092
New York - Rochester,Pittsford,"3195 Monroe Avenue
Rochester, Ny 14618",585-586-6680
New York - Rochester,Ridge-Culver,"2200 East Ridge Road
Rochester, Ny 14622",585-342-4810
New York - Rochester,Ridgemont,"2833 West Ridge Road
Rochester, Ny 14626",585-723-6000
New York - Finger Lakes,Auburn,"1 Loop Road
Auburn, Ny 13021",315-255-2231
New York - Finger Lakes,Canandaigua,"345 Eastern Boulevard
Canandaigua, Ny 14424",585-394-4820
New York - Finger Lakes,Geneseo,"4287 Genesee Valley Plaza Road
Geneseo, Ny 14454",585-243-9000
New York - Finger Lakes,Geneva,"300 Hamilton Street
Geneva, Ny 14456",315-781-5800
New York - Finger Lakes,Ithaca,"500 South Meadow Street
Ithaca, Ny 14850",607-277-5800
New York - Finger Lakes,Newark,"800 West Miller Street
Newark, Ny 14513",315-331-4440
New York - Metro NYC,Brooklyn,"21 Flushing Ave
Brooklyn, Ny 11205",347-694-8510
New York - Metro NYC,Harrison,"106 Corporate Park Dr
West Harrison, Ny 10604",914-539-3700
New York - Southern Tier,Corning,"24 S Bridge St
Corning, Ny 14830",607-937-8347
New York - Southern Tier,Elmira,"1100 Clemens Center Pkwy
Elmira, Ny 14901",607-737-0770
New York - Southern Tier,Hornell,"1000 Highway 36 North
Hornell, Ny 14843",607-324-0600
New York - Southern Tier,Johnson City,"650 Harry L Drive
Johnson City, Ny 13790",607-729-7782
New York - Syracuse,Cicero,"7952 Brewerton Road
Cicero, Ny 13039",315-698-6700
New York - Syracuse,Dewitt,"6789 East Genesee Street
Fayetteville, Ny 13066",315-446-1180
New York - Syracuse,Fairmount,"3325 West Genesee Street
Syracuse, Ny 13219",315-487-1581
New York - Syracuse,Great Northern,"3955 Route 31
Liverpool, Ny 13090",315-622-4632
New York - Syracuse,James Street,"4256 James Street
East Syracuse, Ny 13057",315-437-1534
New York - Syracuse,John Glenn,"7519 Oswego Road
Liverpool, Ny 13090",315-546-1200
New York - Syracuse,Onondaga,"4722 Onondaga Boulevard
Syracuse, Ny 13219",315-478-3313
New York - Syracuse,Taft Road,"4979 West Taft Road
Liverpool, Ny 13088",315-457-0514
New York - Buffalo,Alberta Drive,"675 Alberta Drive
Amherst, Ny 14226",716-831-6300
New York - Buffalo,Amherst St,"601 Amherst Street
Buffalo, Ny 14207",716-877-0500
New York - Buffalo,Dick Road,"651 Dick Road
Depew, Ny 14043",716-685-8100
New York - Buffalo,Jamestown,"945 Fairmount Ave
Jamestown, Ny 14701",716-483-9900
New York - Buffalo,Losson Road,"4960 Transit Road
Depew, Ny 14043",716-685-7300
New York - Buffalo,McKinley,"3740 Mckinley Parkway
Buffalo, Ny 14219",716-362-8400
New York - Buffalo,Military Road,"1577 Military Road
Niagara Falls, Ny 14304",716-298-3100
New York - Buffalo,Niagara Falls Blvd.,"3135 Niagara Falls Boulevard
Amherst, Ny 14228",716-691-0800
New York - Buffalo,Sheridan Drive,"5275 Sheridan Drive
Williamsville, Ny 14221",716-631-4300
New York - Buffalo,Transit Rd.,"8270 Transit Road
Buffalo, Ny 14221",716-636-5600
New York - Buffalo,West Seneca,"370 Orchard Park Road
West Seneca, Ny 14224",716-826-4000
Pennsylvania,Allentown,"3900 Tilghman St
Allentown, Pa 18104",610-336-7900
Pennsylvania,Bethlehem,"5000 Wegmans Drive
Bethlehem, Pa 18017",610-317-1300
Pennsylvania,Collegeville,"600 Commerce Drive
Collegeville, Pa 19426",484-902-1500
Pennsylvania,Concordville,"100 Applied Bank Blvd
Glen Mills, Pa 19342",484-785-9900
Pennsylvania,Downingtown,"1056 East Lancaster Avenue
Downingtown, Pa 19335",610-518-7800
Pennsylvania,Erie Peach St.,"6143 Peach Street
Erie, Pa 16509",814-860-5300
Pennsylvania,Erie West,"5028 West Ridge Road
Erie, Pa 16506",814-835-1900
Pennsylvania,Harrisburg,"6416 Carlisle Pike
Mechanicsburg, Pa 17050",717-791-4500
Pennsylvania,King Of Prussia,"1 Village Drive
King Of Prussia, Pa 19406",484-690-3500
Pennsylvania,Lancaster,"2000 Crossings Blvd.
Lancaster, Pa 17601",717-358-9400
Pennsylvania,Malvern,"50 Foundry Way
Malvern, Pa 19355",484-913-9600
Pennsylvania,Montgomeryville,"500 Montgomery Mall
North Wales, Pa 19454",267-677-0700
Pennsylvania,Nazareth,"3791 Easton-Nazareth Highway
Easton, Pa 18045",610-515-2400
Pennsylvania,Scranton,"1315 Scranton Carbondale Hwy
Scranton, Pa 18508",570-383-8721
Pennsylvania,State College,"345 Colonnade Boulevard
State College, Pa 16803",814-278-9000
Pennsylvania,Warrington,"1405 Main St
Warrington, Pa 18976",215-918-3900
Pennsylvania,Wilkes-Barre,"220 Highland Park Boulevard
Wilkes-Barre Township, Pa 18702",570-825-4400
Pennsylvania,Williamsport,"201 William Street
Williamsport, Pa 17701",570-320-8778
Virginia,Alexandria,"7905 Hilltop Village Center Drive
Alexandria, Va 22315",571-527-2400
Virginia,Chantilly,"14361 Newbrook Drive
Chantilly, Va 20151",571-525-5525
Virginia,Charlottesville,"100 Wegmans Way
Charlottesville, Va 22902",434-529-3200
Virginia,Dulles,"45131 Columbia Place, Sterling, Va 20166
Sterling, Va 20166",703-421-2400
Virginia,Fairfax,"11620 Monument Drive
Fairfax, Va 22030",703-653-1600
Virginia,Fredericksburg,"2281 Carl D. Silver Parkway
Fredericksburg, Va 22401",540-322-4800
Virginia,Lake Manassas,"8297 Stonewall Shops Square
Gainesville, Va 20155",571-222-2300
Virginia,Leesburg,"101 Crosstrail Blvd Se
Leesburg, Va 20175",703-669-2044
Virginia,Midlothian,"12501 Stone Village Way
Midlothian, Va 23113",804-419-9900
Virginia,Potomac,"14801 Dining Way
Woodbridge, Va 22191",703-763-5500
Virginia,Short Pump,"12200 Wegmans Blvd
Henrico, Va 23233",804-377-4100
Virginia,Tysons,"1835 Capital One Drive South
Mclean, Va 22102",571-423-0700
Virginia,Virginia Beach,"4721 Virginia Beach Blvd
Virginia Beach, Va 23462",757-271-0500